date,company,title,url,image,category
2026-08-28 02:38:04,SKT 다이렉트,기기 교체 지원 프로그램3G 서비스 종료로 불편함이 없으시도록 혜택을 지원해 드립니다.,https://shop.tworld.co.kr/nf/index_nf_yp_plan.html?exhibitionId=P00000523,https://cdnw.shop.tworld.co.kr/pimg/plan_thumbnail/202608/1881122538787988.png,기타
2026-08-28 02:38:04,SKT 다이렉트,"Apple 제품, 이곳에서 가장 완벽하게.T 다이렉트샵 Apple 브랜드관",https://shop.tworld.co.kr/nf/index_nf_yp_plan.html?exhibitionId=P00000521,https://cdnw.shop.tworld.co.kr/pimg/plan_thumbnail/202608/1864338437909410.jpg,기타
2026-08-28 02:38:04,SKT 다이렉트,Galaxy Z Fold8 Ultra | Fold8 | Flip8새롭게 펼쳐지는 T 다이렉트샵 혜택,https://shop.tworld.co.kr/nf/index_nf_yp_plan.html?exhibitionId=P00000494,https://cdnw.shop.tworld.co.kr/pimg/plan_thumbnail/202607/441714578097640.jpg,기타
2026-08-28 02:38:04,SKT 다이렉트,"제휴카드 혜택 모음매월 통신비 부담, 이렇게 줄여보세요!",https://shop.tworld.co.kr/nf/index_nf_yp_plan.html?exhibitionId=P00000513,https://cdnw.shop.tworld.co.kr/pimg/plan_thumbnail/202606/104611428886832281.jpg,기타
2026-08-28 02:38:04,SKT 다이렉트,"iPhone 17 Pro & iPhone Air & iPhone 17기다림은 짧게, 혜택은 특별하게, T 다이렉트샵",https://shop.tworld.co.kr/nf/index_nf_yp_plan.html?exhibitionId=P00000472,https://cdnw.shop.tworld.co.kr/pimg/plan_thumbnail/202509/79707752999562566.png,기타
2026-08-28 02:38:04,SKT 다이렉트,"월 1만 원대부터 쓰는 5G USIM 요금제통신비 고민, 티다에서 해결!",https://shop.tworld.co.kr/nf/index_nf_yp_plan.html?exhibitionId=P00000326,https://cdnw.shop.tworld.co.kr/pimg/plan_thumbnail/202601/89824614413821558.png,요금제
2026-08-28 02:38:04,SKT 다이렉트,OTT와 비교할수록 결론은 B tv+ max!동시시청! 콘텐츠! 가성비! max! 신규 출시,https://shop.tworld.co.kr/nf/index_nf_yp_plan.html?exhibitionId=P00000517,https://cdnw.shop.tworld.co.kr/pimg/plan_thumbnail/202607/106242207719453677.jpg,가입혜택
2026-08-28 02:38:04,SKT 다이렉트,2026년 모두가 원하는 골드번호 기획전번호 취득 기간: 2026년 6월 29일(월)~7월 17일(금),https://shop.tworld.co.kr/nf/index_nf_yp_plan.html?exhibitionId=P00000506,https://cdnw.shop.tworld.co.kr/pimg/plan_thumbnail/202604/97688414414235040.jpg,기타
2026-08-28 02:38:04,SKT 다이렉트,iPhone 17e실속 가득한 T 다이렉트샵 혜택,https://shop.tworld.co.kr/nf/index_nf_yp_plan.html?exhibitionId=P00000500,https://cdnw.shop.tworld.co.kr/pimg/plan_thumbnail/202603/94870648833831234.png,기타
2026-08-28 02:38:04,SKT 다이렉트,iPhone 15 Pro & iPhone 15T 다이렉트샵의 더 완벽한 혜택,https://shop.tworld.co.kr/nf/index_nf_yp_plan.html?exhibitionId=P00000352,https://cdnw.shop.tworld.co.kr/pimg/plan_thumbnail/202407/43867862422940676.png,기타
2026-08-28 02:38:04,SKT 다이렉트,월 1만 원대 인터넷 바로 가입온라인으로 간편하게 가입하고 추가 할인 받으세요!,https://shop.tworld.co.kr/nf/index_nf_yp_plan.html?exhibitionId=P00000274,https://cdnw.shop.tworld.co.kr/pimg/plan_thumbnail/202602/94416676369420623.jpg,가입혜택
2026-08-28 02:38:04,SKT 다이렉트,2030 전용 인터넷 다이렉트 요금제2030을 위한 프리한 혜택,https://shop.tworld.co.kr/nf/index_nf_yp_plan.html?exhibitionId=P00000375,https://cdnw.shop.tworld.co.kr/pimg/plan_thumbnail/202502/61379512740068909.png,요금제
2026-08-28 02:38:04,SKT 다이렉트,인터넷 + B tv와 함께 휴대폰 USIM 변경하기한 번에 이동하면 혜택이 더 커져요!,https://shop.tworld.co.kr/nf/index_nf_yp_plan.html?exhibitionId=P00000478,https://cdnw.shop.tworld.co.kr/pimg/plan_thumbnail/202605/100090038674259511.jpg,기타
2026-08-28 02:38:04,SKT 다이렉트,"갓성비 혜택 가득한 T 다이렉트샵휴대폰부터 요금까지, 할인을 빈틈없이!",https://shop.tworld.co.kr/nf/index_nf_yp_plan.html?exhibitionId=P00000464,https://cdnw.shop.tworld.co.kr/pimg/plan_thumbnail/202604/97699419663262849.png,기타
2026-08-28 02:38:04,SKT 다이렉트,갤럭시 S26 자급제 구매하셨다면USIM 가입 시 드리는 혜택 확인하세요,https://shop.tworld.co.kr/nf/index_nf_yp_plan.html?exhibitionId=P00000496,https://cdnw.shop.tworld.co.kr/pimg/plan_thumbnail/202604/97245070190705343.jpg,가입혜택
2026-08-28 02:38:04,SKT 다이렉트,알뜰살뜰 다이렉트 플랜 요금제 혜택지금 번호 그대로 최대 30% 저렴하게 가입하세요!,https://shop.tworld.co.kr/nf/index_nf_yp_plan.html?exhibitionId=P00000488,https://cdnw.shop.tworld.co.kr/pimg/plan_thumbnail/202512/88095955085138133.jpg,요금제
2026-08-28 02:38:04,SKT 다이렉트,"알면 더 편리한 eSIM 셀프 개통매장 방문, 기다림 없이 빠르게",https://shop.tworld.co.kr/nf/index_nf_yp_plan.html?exhibitionId=P00000486,https://cdnw.shop.tworld.co.kr/pimg/plan_thumbnail/202512/86784416823529271.png,가입혜택
2026-08-28 02:38:04,SKT 다이렉트,안심 기가 윙즈3중 보안·기가급 속도·집안 어디서나 와이파이까지!,https://shop.tworld.co.kr/nf/index_nf_yp_plan.html?exhibitionId=P00000484,https://cdnw.shop.tworld.co.kr/pimg/plan_thumbnail/202511/85592291824767837.png,기타
2026-08-28 02:38:04,SKT 다이렉트,"티다 수험생 혜택 모음.zip고생했어, 이제 맘껏 누리자!",https://shop.tworld.co.kr/nf/index_nf_yp_plan.html?exhibitionId=P00000480,https://cdnw.shop.tworld.co.kr/pimg/plan_thumbnail/202511/85059859635240550.png,기타
2026-08-28 02:38:04,SKT 다이렉트,티다의 완벽한 혜택 가이드티다의 혜택이 궁금하다면!,https://shop.tworld.co.kr/nf/index_nf_yp_plan.html?exhibitionId=P00000460,https://cdnw.shop.tworld.co.kr/pimg/plan_thumbnail/202603/95875208228505649.jpg,기타
2026-08-28 02:38:04,SKT 다이렉트,모바일+인터넷+B tv 모두 월 3만 원대오직 T 다이렉트샵에서만 통신비 부담 끝!,https://shop.tworld.co.kr/nf/index_nf_yp_plan.html?exhibitionId=P00000458,https://cdnw.shop.tworld.co.kr/pimg/plan_thumbnail/202506/73161569087617447.png,기타
2026-08-28 02:38:04,SKT 다이렉트,Galaxy Z Fold7 | Z Flip7더 가볍게 펼쳐지는 AI,https://shop.tworld.co.kr/nf/index_nf_yp_plan.html?exhibitionId=P00000456,https://cdnw.shop.tworld.co.kr/pimg/plan_thumbnail/202507/74742191779835060.jpg,기타
2026-08-28 02:38:04,SKT 다이렉트,다이렉트5G 38 요금제월 1만 원대에 다양한 혜택까지,https://shop.tworld.co.kr/nf/index_nf_yp_plan.html?exhibitionId=P00000435,https://cdnw.shop.tworld.co.kr/pimg/plan_thumbnail/202503/65017054129800874.png,요금제
2026-08-28 02:38:04,SKT 다이렉트,소상공인 사장님을 위한 더드림 성공 패키지 출시사장님과 성공을 연결합니다!,https://shop.tworld.co.kr/nf/index_nf_yp_plan.html?exhibitionId=P00000433,https://cdnw.shop.tworld.co.kr/pimg/plan_thumbnail/202502/61648872713768576.png,기타
2026-08-28 02:38:04,SKT 다이렉트,B tv All+ 출시여기저기 찾아다니지 말고 모든 장르를 한 번에 플레이,https://shop.tworld.co.kr/nf/index_nf_yp_plan.html?exhibitionId=P00000413,https://cdnw.shop.tworld.co.kr/pimg/plan_thumbnail/202408/47215177693764507.png,기타
2026-08-28 02:38:04,SKT 다이렉트,"Get a 110GB 5G SIM-only plan for only KRW 15,000/monthFor wireless bill troubles, T direct shop is the solution!",https://shop.tworld.co.kr/nf/index_nf_yp_plan.html?exhibitionId=P00000384,https://cdnw.shop.tworld.co.kr/pimg/plan_thumbnail/202512/88253446794983382.jpg,기타
2026-08-28 02:38:04,SKT 다이렉트,T 다이렉트샵 혜택 가이드북티다가 처음인 고객님을 위한,https://shop.tworld.co.kr/nf/index_nf_yp_plan.html?exhibitionId=P00000380,https://cdnw.shop.tworld.co.kr/pimg/plan_thumbnail/202403/33751961440424456.jpg,기타
2026-08-28 02:38:04,SKT 다이렉트,"통화 녹음, 요약, 통역이 다~ 에이닷내 폰을 AI폰으로 바꾸다",https://shop.tworld.co.kr/nf/index_nf_yp_plan.html?exhibitionId=P00000344,https://cdnw.shop.tworld.co.kr/pimg/plan_thumbnail/202404/35028889229519491.jpg,기타
2026-08-28 02:38:04,SKT 다이렉트,온라인 전용 무약정 요금제 다이렉트 플랜통신비 부담은 OFF 혜택은 ON,https://shop.tworld.co.kr/nf/index_nf_yp_plan.html?exhibitionId=P00000342,https://cdnw.shop.tworld.co.kr/pimg/plan_thumbnail/202307/10868676215431257.jpg,요금제
2026-08-28 02:38:04,SKT 다이렉트,"0 청년 다이렉트 플랜 출시요금은 낮게, 데이터는 가득, 혜택은 더 많이!",https://shop.tworld.co.kr/nf/index_nf_yp_plan.html?exhibitionId=P00000330,https://cdnw.shop.tworld.co.kr/pimg/plan_thumbnail/202311/21034211735160378.jpg,요금제
2026-08-28 02:38:04,SKT 다이렉트,인터넷 가입할 때도 든든한 T 다이렉트샵!이숨 작가의 이야기 속 T 다이렉트샵 2탄,https://shop.tworld.co.kr/nf/index_nf_yp_plan.html?exhibitionId=P00000282,https://cdnw.shop.tworld.co.kr/pimg/plan_thumbnail/202209/127305401392445419.jpg,가입혜택
2026-08-28 02:38:04,SKT 다이렉트,왕초보도 할 수 있는 T 다이렉트샵 주문5가지만 기억하면 너무 쉬운 휴대폰 구매!,https://shop.tworld.co.kr/nf/index_nf_yp_plan.html?exhibitionId=P00000265,https://cdnw.shop.tworld.co.kr/pimg/plan_thumbnail/202211/132246291210612820.jpg,기타
2026-08-28 02:38:04,SKT 다이렉트,자급제 고객을 위한 알뜰살뜰 혜택 모아보기T 다이렉트샵 비대면 가입 혜택,https://shop.tworld.co.kr/nf/index_nf_yp_plan.html?exhibitionId=P00000243,https://cdnw.shop.tworld.co.kr/pimg/plan_thumbnail/202211/132667507505400176.jpg,가입혜택
2026-08-28 02:38:04,SKT 다이렉트,"당신의 TV, Apple을 만나다.Apple TV+, Apple TV 드디어 국내 상륙",https://shop.tworld.co.kr/nf/index_nf_yp_plan.html?exhibitionId=P00000229,https://cdnw.shop.tworld.co.kr/pimg/plan_thumbnail/202110/100188607887694115.jpg,기타
2026-08-28 02:38:04,KTM 모바일,"[다드림] BEST 6종, 매월 N페이 3만원 혜택!",https://www.ktmmobile.com/event/eventDetail.do?ntcartSeq=1818,https://img.ktmmobile.com/resources/upload/fileBoard/2026082717441801417wg98.png,기타
2026-08-28 02:38:04,KTM 모바일,"N페이 12만원, 8월 엠모바일로 통신비 다이어트!",https://www.ktmmobile.com/event/eventDetail.do?ntcartSeq=1856,https://img.ktmmobile.com/resources/upload/fileBoard/202608140832350153LjT0j.png,기타
2026-08-28 02:38:04,KTM 모바일,[mobi 특가] 무제한 eSIM 로밍 ✈️하루 990원✈️,https://www.ktmmobile.com/event/eventDetail.do?ntcartSeq=1772,https://img.ktmmobile.com/resources/upload/fileBoard/202608181134110951Lhzu9.png,요금제
2026-08-28 02:38:04,KTM 모바일,인터넷+TV+모바일 최대 226만원+36만원 혜택!,https://www.ktmmobile.com/event/eventDetail.do?ntcartSeq=1490,https://img.ktmmobile.com/resources/upload/fileBoard/202608140846200946SQ4XE.png,기타
2026-08-28 02:38:04,KTM 모바일,[체감가 0원] 초과금 걱정없이 모두다맘껏안심!,https://www.ktmmobile.com/event/eventDetail.do?ntcartSeq=937,https://img.ktmmobile.com/resources/upload/fileBoard/202605211543520834ia7ui.png,기타
2026-08-28 02:38:04,KTM 모바일,[체감가 0원] 통화 많아도 초저렴통신비로 맘껏!,https://www.ktmmobile.com/event/eventDetail.do?ntcartSeq=938,https://img.ktmmobile.com/resources/upload/fileBoard/202605151602000463hjXne.png,기타
2026-08-28 02:38:04,KTM 모바일,[체감가 0원] M모바일만의 취향 맞춤 5G요금제!,https://www.ktmmobile.com/event/eventDetail.do?ntcartSeq=1786,https://img.ktmmobile.com/resources/upload/fileBoard/202607311606530018xQeul.png,요금제
2026-08-28 02:38:04,KTM 모바일,[M-Family] 친구초대 VIP 전용 포인트 무제한 적립!,https://www.ktmmobile.com/event/eventDetail.do?ntcartSeq=1862,https://img.ktmmobile.com/resources/upload/fileBoard/202608240936010388CyOEy.png,친구추천
2026-08-28 02:38:04,KTM 모바일,"22GB+ 맘껏 요금제 압도적 체감가💸 월 13,500원",https://www.ktmmobile.com/event/eventDetail.do?ntcartSeq=1828,https://img.ktmmobile.com/resources/upload/fileBoard/202607241336200193wElns.png,요금제
2026-08-28 02:38:04,KTM 모바일,M모바일 BEST! 매월 밀리의 서재 무료 이용 요금제,https://www.ktmmobile.com/event/eventDetail.do?ntcartSeq=1435,https://img.ktmmobile.com/resources/upload/fileBoard/202607241337060064mWtWb.png,요금제
2026-08-28 02:38:04,KTM 모바일,무한 쿠팡! 매월 쿠팡캐시 5천원 지급 요금제 확인!,https://www.ktmmobile.com/event/eventDetail.do?ntcartSeq=1830,https://img.ktmmobile.com/resources/upload/fileBoard/202605211557340076YPLkW.png,요금제
2026-08-28 02:38:04,KTM 모바일,통신비 다이어트 끝판왕! 초절약 초저가 특가전,https://www.ktmmobile.com/event/eventDetail.do?ntcartSeq=934,https://img.ktmmobile.com/resources/upload/fileBoard/202608140844310887f4J91.png,기타
2026-08-28 02:38:04,KTM 모바일,통신비는 적게 효도는 크게! 만65세이상 전용 혜택,https://www.ktmmobile.com/event/eventDetail.do?ntcartSeq=939,https://img.ktmmobile.com/resources/upload/fileBoard/202608010023040777JPHNk.png,기타
2026-08-28 02:38:04,KTM 모바일,"우리 아이의 첫 걸음, 키즈 안심 요금제로!",https://www.ktmmobile.com/event/eventDetail.do?ntcartSeq=1108,https://img.ktmmobile.com/resources/upload/fileBoard/2026063018000207918wXOs.png,요금제
2026-08-28 02:38:04,KTM 모바일,"월 체감가 2만원대, 5G 130GB 데이터 맘껏 이용!",https://www.ktmmobile.com/event/eventDetail.do?ntcartSeq=1768,https://img.ktmmobile.com/resources/upload/fileBoard/202608240945090601fxp2j.png,요금제
2026-08-28 02:38:04,KTM 모바일,친구초대하면 너도 나도 포인트 혜택,https://www.ktmmobile.com/event/eventDetail.do?ntcartSeq=954,https://img.ktmmobile.com/resources/upload/fileBoard/202608181413450073uaB0Q.png,친구추천
2026-08-28 02:38:04,KTM 모바일,[알뜰폰 최초🎉] AI로 내게 딱 맞는 요금제 찾기,https://www.ktmmobile.com/event/eventDetail.do?ntcartSeq=1852,https://img.ktmmobile.com/resources/upload/fileBoard/202607152018110884m2WrU.png,요금제
2026-08-28 02:38:04,KTM 모바일,자급제 등록 후기 작성 시 N페이 20만원 기회!,https://www.ktmmobile.com/event/eventDetail.do?ntcartSeq=908,https://img.ktmmobile.com/resources/upload/fileBoard/202608140902410294E1Ip0.png,리뷰이벤트
2026-08-28 02:38:04,KTM 모바일,"매월 N페이 포인트 5,000원 제공 요금제!",https://www.ktmmobile.com/event/eventDetail.do?ntcartSeq=1012,https://img.ktmmobile.com/resources/upload/fileBoard/202605181709230094xX0TV.png,요금제
2026-08-28 02:38:04,KTM 모바일,엠모햇씨유? 매월 CU할인 쿠폰 받으씨유!,https://www.ktmmobile.com/event/eventDetail.do?ntcartSeq=1556,https://img.ktmmobile.com/resources/upload/fileBoard/2026072413401605855jMS8.png,기타
2026-08-28 02:38:04,KTM 모바일,넘치는 데이터를 월 3만원대로 부담 없이!,https://www.ktmmobile.com/event/eventDetail.do?ntcartSeq=941,https://img.ktmmobile.com/resources/upload/fileBoard/20260521152659078596Pvs.png,요금제
2026-08-28 02:38:04,KTM 모바일,밀리의 서재+안심 직거래 더블 패키지 요금제!,https://www.ktmmobile.com/event/eventDetail.do?ntcartSeq=1810,https://img.ktmmobile.com/resources/upload/fileBoard/2026052115283103310Da0z.png,요금제
2026-08-28 02:38:04,KTM 모바일,"월 3만원대로 데이터도, 매거진도 맘껏!",https://www.ktmmobile.com/event/eventDetail.do?ntcartSeq=1734,https://img.ktmmobile.com/resources/upload/fileBoard/202605010022530326qlRPD.png,요금제
2026-08-28 02:38:04,KTM 모바일,"NEW 데이터 맘껏,웨이브 맘껏! 웨이브 무료 요금제!",https://www.ktmmobile.com/event/eventDetail.do?ntcartSeq=1840,https://img.ktmmobile.com/resources/upload/fileBoard/2026053118350507896xyyq.png,요금제
2026-08-28 02:38:04,KTM 모바일,M모바일 혜택 모음ZIP,https://www.ktmmobile.com/event/eventDetail.do?ntcartSeq=1486,https://img.ktmmobile.com/resources/upload/fileBoard/202607241341530653MSDrp.png,기타
2026-08-28 02:38:04,KTM 모바일,쉽고 싸고 빠른 kt M모바일 eSIM 가입!,https://www.ktmmobile.com/event/eventDetail.do?ntcartSeq=1293,https://img.ktmmobile.com/resources/upload/fileBoard/202608131622400034oqG9T.png,가입혜택
2026-08-28 02:38:04,KTM 모바일,지금 캐치콜 플러스 가입하면 N페이 혜택!,https://www.ktmmobile.com/event/eventDetail.do?ntcartSeq=1686,https://img.ktmmobile.com/resources/upload/fileBoard/202607311604490302WoV0E.png,가입혜택
2026-08-28 02:38:04,KTM 모바일,데이터 쿠폰 20GB X 3회 무료 제공,https://www.ktmmobile.com/event/eventDetail.do?ntcartSeq=1387,https://img.ktmmobile.com/resources/upload/fileBoard/202605151705110475TF2if.png,요금제
2026-08-28 02:38:04,KTM 모바일,"8월 한정, 실속형 스마트폰을 초특가로 만나세요!",https://www.ktmmobile.com/event/eventDetail.do?ntcartSeq=944,https://img.ktmmobile.com/resources/upload/fileBoard/202608211526010733ARxs0.png,기타
2026-08-28 02:38:04,KTM 모바일,매월 데이터 10GB 추가 증정 요금제,https://www.ktmmobile.com/event/eventDetail.do?ntcartSeq=1675,https://img.ktmmobile.com/resources/upload/fileBoard/202512010842390155Gtne7.png,요금제
2026-08-28 02:38:04,KTM 모바일,"M모바일 고객 한정! 최저가 온라인 스토어, M마켓",https://www.ktmmobile.com/event/eventDetail.do?ntcartSeq=1458,https://img.ktmmobile.com/resources/upload/fileBoard/202507312348300636GkL9K.png,기타
2026-08-28 02:38:04,KTM 모바일,아직 유심 구매 전이라면? 쉽고 빠른 유심 구매,https://www.ktmmobile.com/event/eventDetail.do?ntcartSeq=1628,https://img.ktmmobile.com/resources/upload/fileBoard/202512311823560090bgpMZ.png,가입혜택
2026-08-28 02:38:04,KTM 모바일,"매월 제공되는 무료·할인 쿠폰 서비스, M쿠폰🎫",https://www.ktmmobile.com/event/eventDetail.do?ntcartSeq=1417,https://img.ktmmobile.com/resources/upload/fileBoard/202506161414380791vfQXF.png,기타
2026-08-28 02:38:04,KTM 모바일,2시간 안에 슝! 유심 퀵배송 갑니다,https://www.ktmmobile.com/event/eventDetail.do?ntcartSeq=994,https://img.ktmmobile.com/resources/upload/fileBoard/202607241337150220RPXZ1.png,가입혜택
2026-08-28 02:38:04,KTM 모바일,아이폰은 여전히 자급제가 대세! 꿀조합 확인!,https://www.ktmmobile.com/event/eventDetail.do?ntcartSeq=1289,https://img.ktmmobile.com/resources/upload/fileBoard/202510312343090496jxMbJ.png,기타
2026-08-28 02:38:04,KTM 모바일,초.간.단 5분 컷 셀프개통,https://www.ktmmobile.com/event/eventDetail.do?ntcartSeq=948,https://img.ktmmobile.com/resources/upload/fileBoard/202504010047010530dOvkg.png,가입혜택
2026-08-28 02:38:04,KTM 모바일,KT닷컴의 인기 휴대폰📱M모바일 단독혜택 특별전,https://www.ktmmobile.com/event/eventDetail.do?ntcartSeq=1728,https://img.ktmmobile.com/resources/upload/fileBoard/202608131629510473LEfpI.png,기타
2026-08-28 02:38:04,KTM 모바일,휴대폰 사고 걱정 뚝! 안심보험으로 든든하게,https://www.ktmmobile.com/event/eventDetail.do?ntcartSeq=721,https://img.ktmmobile.com/resources/upload/fileBoard/202407121751420937LbCFe.png,기타
2026-08-28 02:38:04,KTM 모바일,후후 안심보험으로 온라인 직거래 피해보상까지!,https://www.ktmmobile.com/event/eventDetail.do?ntcartSeq=1572,https://img.ktmmobile.com/resources/upload/fileBoard/202607241333570239N2Dp5.png,기타
2026-08-28 02:38:04,KTM 모바일,마이알뜰폰 BC 바로카드,https://www.ktmmobile.com/event/eventDetail.do?ntcartSeq=1548,https://img.ktmmobile.com/resources/upload/fileBoard/202503101339170507yXHON.png,기타
2026-08-28 02:38:04,KTM 모바일,"워치 단독으로 전화, 카톡까지!",https://www.ktmmobile.com/event/eventDetail.do?ntcartSeq=1333,https://img.ktmmobile.com/resources/upload/fileBoard/202607241332520821MzwjD.png,기타
2026-08-28 02:38:04,U+ 유모바일,TOP 요금제 앵콜타임딜!,https://www.uplusumobile.com/event-benefit/event/ongoing/12647,"https://www.uplusumobile.com/upload/direct/img/evnt/03_PC, MO 이벤트 목록배너(640X400) (11)(1).png",요금제
2026-08-28 02:38:04,U+ 유모바일,"약정없는 휴대폰, 유픽 전격 론칭",https://www.uplusumobile.com/event-benefit/event/ongoing/12641,"https://www.uplusumobile.com/upload/direct/img/evnt/86455_03_PC, MO 이벤트 목록배너(640X400).jpg",기타
2026-08-28 02:38:04,U+ 유모바일,"요금은 0원, 데이터는 10GB 더!",https://www.uplusumobile.com/event-benefit/event/ongoing/12503,"https://www.uplusumobile.com/upload/direct/img/evnt/03_PC, MO 이벤트 목록배너(640X400) (10)(19).png",요금제
2026-08-28 02:38:04,U+ 유모바일,두번째 번호도 유모바일과 함께해요,https://www.uplusumobile.com/event-benefit/event/ongoing/12646,"https://www.uplusumobile.com/upload/direct/img/evnt/03_PC, MO 이벤트 목록배너(640X400) (10)(21).png",기타
2026-08-28 02:38:04,U+ 유모바일,유모바일 인기요금제 6개월 무료체험 찬스!,https://www.uplusumobile.com/event-benefit/event/ongoing/12510,"https://www.uplusumobile.com/upload/direct/img/evnt/03_PC, MO 이벤트 목록배너(640X400) (10)(8).png",요금제
2026-08-28 02:38:04,U+ 유모바일,✨ 8월 한정 데이터 최대 30GB 추가 제공!,https://www.uplusumobile.com/event-benefit/event/ongoing/10314,"https://www.uplusumobile.com/upload/direct/img/evnt/03_PC, MO 이벤트 목록배너(640X400) (10)(16).png",요금제
2026-08-28 02:38:04,U+ 유모바일,✅ 1분 간편회원가입하고 Npay 혜택 받기(선착순 마감),https://www.uplusumobile.com/event-benefit/event/ongoing/12639,"https://www.uplusumobile.com/upload/direct/img/evnt/03_PC, MO 이벤트 목록배너(640X400)(101).png",가입혜택
2026-08-28 02:38:04,U+ 유모바일,N페이 받는 요금제 신규출시!,https://www.uplusumobile.com/event-benefit/event/ongoing/12627,"https://www.uplusumobile.com/upload/direct/img/evnt/PC,MO 이벤트 목록배너_640X400.png",요금제
2026-08-28 02:38:04,U+ 유모바일,이마트24 요금제,https://www.uplusumobile.com/event-benefit/event/ongoing/11618,https://www.uplusumobile.com/upload/direct/img/evnt/13_이마트24_이벤트목록배너(2).png,요금제
2026-08-28 02:38:04,U+ 유모바일,전설의 요금제 22GB+3Mbps 출시!!,https://www.uplusumobile.com/event-benefit/event/ongoing/12567,"https://www.uplusumobile.com/upload/direct/img/evnt/04_PC, MO_이벤트 목록배너_(640x400).png",요금제
2026-08-28 02:38:04,U+ 유모바일,고정비 고민 끝! 티머니 K-패스 요금제,https://www.uplusumobile.com/event-benefit/event/ongoing/12422,https://www.uplusumobile.com/upload/direct/img/evnt/MO_메인 팝업 (720x400px).png,요금제
2026-08-28 02:38:04,U+ 유모바일,"전자책 무제한+종이책 할인, 교보문고 요금제",https://www.uplusumobile.com/event-benefit/event/ongoing/12523,https://www.uplusumobile.com/upload/direct/img/evnt/이벤트목록배너 (640x400px) (4)(2).png,요금제
2026-08-28 02:38:04,U+ 유모바일,쓰던 폰 판매하고 추가보상 받으세요!,https://www.uplusumobile.com/event-benefit/event/ongoing/12419,https://www.uplusumobile.com/upload/direct/img/evnt/유모바일_배너_8월.png,기타
2026-08-28 02:38:04,U+ 유모바일,쿠팡캐시 먼저 받는 유모바일 약정 요금제,https://www.uplusumobile.com/event-benefit/event/ongoing/12236,https://www.uplusumobile.com/upload/direct/img/evnt/1. 쿠팡 선약정 kv_0E5BD1(1).png,요금제
2026-08-28 02:38:04,U+ 유모바일,이달 한정 eSIM 다운로드비 0원!,https://www.uplusumobile.com/event-benefit/event/ongoing/12325,https://www.uplusumobile.com/upload/direct/img/evnt/목록배너_이심기획전_640x400_0604 (1)(2).png,기타
2026-08-28 02:38:04,U+ 유모바일,"U포인트, 이제 LG라이프케어몰에서",https://www.uplusumobile.com/event-benefit/event/ongoing/12357,https://www.uplusumobile.com/upload/direct/img/evnt/PC_이벤트 목록 배너(1).jpg,기타
2026-08-28 02:38:04,U+ 유모바일,"11,500원으로 야쿠르트 240개까지 받는 요금제",https://www.uplusumobile.com/event-benefit/event/ongoing/11568,https://www.uplusumobile.com/upload/direct/img/evnt/11_플러스알파(hy)_이벤트목록배너(3).png,요금제
2026-08-28 02:38:04,U+ 유모바일,"올리브영 1만원 혜택, YOUNG 요금제",https://www.uplusumobile.com/event-benefit/event/ongoing/11860,https://www.uplusumobile.com/upload/direct/img/evnt/09_올리브영_이벤트목록배너 (1)(3).png,요금제
2026-08-28 02:38:04,U+ 유모바일,지금 가입시 10GB 무조건 증정!,https://www.uplusumobile.com/event-benefit/event/ongoing/11706,"https://www.uplusumobile.com/upload/direct/img/evnt/03_PC, MO 이벤트 목록배너(640X400)(12).png",가입혜택
2026-08-28 02:38:04,U+ 유모바일,건강까지 한번에 챙기는 다성비 요금제,https://www.uplusumobile.com/event-benefit/event/ongoing/12617,https://www.uplusumobile.com/upload/direct/img/evnt/8.다솜케어_이벤트목록배너.png,요금제
2026-08-28 02:38:04,U+ 유모바일,U+유모바일 알뜰요금제 셀프개통! eSIM셀프개통 어때요?,https://www.uplusumobile.com/event-benefit/event/ongoing/10411,https://www.uplusumobile.com/upload/direct/img/evnt/이벤트목록배너_셀프개통_0209.jpg,요금제
2026-08-28 02:38:04,U+ 유모바일,교통비 절약하는 이즐 K-패스 요금제,https://www.uplusumobile.com/event-benefit/event/ongoing/11673,https://www.uplusumobile.com/upload/direct/img/evnt/14_이즐2026ver_이벤트목록배너.png,요금제
2026-08-28 02:38:04,U+ 유모바일,U+유모바일 추천하고 혜택 받자!,https://www.uplusumobile.com/event-benefit/event/ongoing/567,https://www.uplusumobile.com/upload/direct/img/evnt/01_이벤트목록배너(26).jpg,친구추천
2026-08-28 02:38:04,U+ 유모바일,회원가입하고! U폰캐시 받고! 휴대폰 할인받으세요!,https://www.uplusumobile.com/event-benefit/event/ongoing/12386,https://www.uplusumobile.com/upload/direct/img/evnt/PC_이벤트목록배너 (1).jpg,가입혜택
2026-08-28 02:38:04,U+ 유모바일,교보생명 대중교통안심보험,https://www.uplusumobile.com/event-benefit/event/ongoing/11766,https://www.uplusumobile.com/upload/direct/img/evnt/이벤트목록배너_교보생명_0508 copy(1).png,기타
2026-08-28 02:38:04,U+ 유모바일,10대라면? 갤럭시 S23 월 1천원!,https://www.uplusumobile.com/event-benefit/event/ongoing/11525,https://www.uplusumobile.com/upload/direct/img/evnt/이벤트목록배너_갤럭시틴즈_0328 2.png,기타
2026-08-28 02:38:04,U+ 유모바일,중고폰 판매하고 100% 추가보상!,https://www.uplusumobile.com/event-benefit/event/ongoing/11406,https://www.uplusumobile.com/upload/direct/img/evnt/[83614] 01_이벤트목록배너.jpg,기타
2026-08-28 02:38:04,U+ 유모바일,전자랜드 고객 전용페이지,https://www.uplusumobile.com/event-benefit/event/ongoing/12619,"https://www.uplusumobile.com/upload/direct/img/evnt/A안_PC, MO 이벤트 목록배너(640X400).png",기타
2026-08-28 02:38:04,스카이라이프,8월엔 1년에 46만원 시원하게 아끼는 스카이라이프 알뜰폰 혜택2026.07.31 ~ 2026.08.,https://www.skylife.co.kr/event/mobilepromotion.do,https://www.skylife.co.kr/_next/image?url=https%3A%2F%2Fhomeapp.skylife.co.kr%2Fweb%2Flive%2Fpromotion%2F202607%2F3afbaf33fd93233d6652ecaaa34af536c2ee24dfe703a7383b553e1dcf2228a6_1.jpg&w=828&q=75,기타
2026-08-28 02:38:04,스카이라이프,Galaxy Z폴더블8 자급제 개통은 스카이라이프에서!2026.07.31 ~ 2026.08.,https://www.skylife.co.kr/event/newdevice.do,https://www.skylife.co.kr/_next/image?url=https%3A%2F%2Fhomeapp.skylife.co.kr%2Fweb%2Flive%2Fpromotion%2F202607%2F6eaf80fb5c7cafe7a32ce24c1e0f0aedbf35df05b07742635a3e809aa7c41219_1.jpg&w=828&q=75,가입혜택
2026-08-28 02:38:04,스카이라이프,모바일 8월 가입혜택 모음zip.2026.07.31 ~ 2026.08.,https://www.skylife.co.kr/event/MonthlyBenefits,https://www.skylife.co.kr/_next/image?url=https%3A%2F%2Fhomeapp.skylife.co.kr%2Fweb%2Flive%2Fpromotion%2F202608%2F7d573c6c9b2f2731c080a80e78c592fb53eb13baca8c1dd420a17c6c963837b0_12.jpg&w=828&q=75,가입혜택
2026-08-28 02:38:04,스카이라이프,취향저격 브랜드 혜택을 매월평생! 라이프핏 모바일요금제2026.07.31 ~ 2026.08.,https://www.skylife.co.kr/event/lifefit.do,https://www.skylife.co.kr/_next/image?url=https%3A%2F%2Fhomeapp.skylife.co.kr%2Fweb%2Flive%2Fpromotion%2F202605%2Fed90de720e56ba98a9cd346850bdaa556919b759a7ede67b8ed44287a58d7df6_5.jpg&w=828&q=75,요금제
2026-08-28 02:38:04,스카이라이프,"올 여름 해외여행, 모비 eSIM 로밍으로 간편하게! 스카이라이프 고객 전용 할인가로 만나보세요.2026.07.31 ~ 2026.08.",https://www.skylife.co.kr/event/mobi.do,https://www.skylife.co.kr/_next/image?url=https%3A%2F%2Fhomeapp.skylife.co.kr%2Fweb%2Flive%2Fpromotion%2F202607%2Fbe99ee8ebf68967e3b15fc76aeabeca43343a027b1efc5b8fb95295dbc181994.jpg&w=828&q=75,기타
2026-08-28 02:38:04,스카이라이프,주변에 편의점/마트에서 365일 픽업! KT바로유심은 Npay2만원 혜택!2026.07.31 ~ 2026.08.,https://www.skylife.co.kr/event/convPC.do,https://www.skylife.co.kr/_next/image?url=https%3A%2F%2Fhomeapp.skylife.co.kr%2Fweb%2Flive%2Fpromotion%2F202603%2F507283da02c8112d8571f2e2fa9bfd23366d83eb109932a9f4d4c25e27eadd9d.png&w=828&q=75,가입혜택
2026-08-28 02:38:04,스카이라이프,온라인 오픈마켓에서 스카이라이프 유심을 찾아보세요!2026.07.31 ~ 2026.08.,https://www.skylife.co.kr/event/OOM.do,https://www.skylife.co.kr/_next/image?url=https%3A%2F%2Fhomeapp.skylife.co.kr%2Fweb%2Flive%2Fpromotion%2F202603%2Fdb72b6afbc33aeec1839ce4306a7240e00f34f98c2d50442b38514ed27a7fcb4.jpg&w=828&q=75,가입혜택
2026-08-28 02:38:04,스카이라이프,"밀리의서재, 모아진 구독 매월평생 무료! 라이프핏 독서 요금제2026.07.31 ~ 2026.08.",https://www.skylife.co.kr/event/lifefit_milli.do,https://www.skylife.co.kr/_next/image?url=https%3A%2F%2Fhomeapp.skylife.co.kr%2Fweb%2Flive%2Fpromotion%2F202603%2F21c7df9e6e0ab0d7ed9e5a3653bc728d7b6d993e6eb56562d38854dceee85eb2_4.jpg&w=828&q=75,요금제
2026-08-28 02:38:04,스카이라이프,편의점 출첵러 추천! 라이프핏 CU 요금제2026.07.31 ~ 2026.08.,https://www.skylife.co.kr/event/lifefit_cu.do,https://www.skylife.co.kr/_next/image?url=https%3A%2F%2Fhomeapp.skylife.co.kr%2Fweb%2Flive%2Fpromotion%2F202603%2F760f13ae6675a5982418fb2696c8eb42a6d99e766bdfbc855f3b7e9e9f5f6aa4_1.jpg&w=828&q=75,친구추천
2026-08-28 02:38:04,스카이라이프,매월 쇼핑지원금 5천원! 라이프핏 리빙 요금제2026.07.31 ~ 2026.08.,https://www.skylife.co.kr/event/lifefit_living.do,https://www.skylife.co.kr/_next/image?url=https%3A%2F%2Fhomeapp.skylife.co.kr%2Fweb%2Flive%2Fpromotion%2F202603%2F7122290caaacf26660fd039d9736e6fa139d7276618b17e19b833c003ce6529c_1.jpg&w=828&q=75,요금제
2026-08-28 02:38:04,스카이라이프,콘텐츠 러버 추천 즐거움 가득! 라이프핏 엔터 요금제2026.07.31 ~ 2026.08.,https://www.skylife.co.kr/event/lifefit_entertain.do,https://www.skylife.co.kr/_next/image?url=https%3A%2F%2Fhomeapp.skylife.co.kr%2Fweb%2Flive%2Fpromotion%2F202603%2F4138151733c25a5de00d1a091a8007196f647763c686bd9ac89e2181b0c38df7_5.jpg&w=828&q=75,친구추천
2026-08-28 02:38:04,스카이라이프,온라인에서 현금처럼 쓰는 라이프핏 페이 요금제2026.07.31 ~ 2026.08.,https://www.skylife.co.kr/event/lifefit_pay.do,https://www.skylife.co.kr/_next/image?url=https%3A%2F%2Fhomeapp.skylife.co.kr%2Fweb%2Flive%2Fpromotion%2F202603%2F987a3d0f60608873e8623f8be8f24118d192888b9504ec6ed3f32250089319ef_3.jpg&w=828&q=75,요금제
2026-08-28 02:38:04,스카이라이프,데이터UP 요금제로 매월 10GB+ 업그레이드!2026.07.31 ~ 2026.08.,https://www.skylife.co.kr/event/data_up.do,https://www.skylife.co.kr/_next/image?url=https%3A%2F%2Fhomeapp.skylife.co.kr%2Fweb%2Flive%2Fpromotion%2F202603%2Ffec1a747c59f141baa65c6e95b4d222fcade0c4fce79339d38870415b0da515a.jpg&w=828&q=75,요금제
2026-08-28 02:38:04,스카이라이프,유심 기다리지 말고 이심 바로 개통!2026.07.31 ~ 2026.08.,https://www.skylife.co.kr/event/esim.do,https://www.skylife.co.kr/_next/image?url=https%3A%2F%2Fhomeapp.skylife.co.kr%2Fweb%2Flive%2Fpromotion%2F202603%2Fba907ec6d3b765df894879c2464c4dd20ab59175006b71008a791c0a35c427eb_2.jpg&w=828&q=75,가입혜택
2026-08-28 02:38:04,스카이라이프,우리 부모님 안심 무제한 시니어 요금제!2026.07.31 ~ 2026.08.,https://www.skylife.co.kr/event/mobileSenior.do,https://www.skylife.co.kr/_next/image?url=https%3A%2F%2Fhomeapp.skylife.co.kr%2Fweb%2Flive%2Fpromotion%2F202603%2Fadbf168a040d180d53e31b2580c7d545bc9a1b599d27c595349b3568f15ea6f1_2.jpg&w=828&q=75,요금제
2026-08-28 02:38:04,스카이라이프,스쿨 요금제로 갓생사는 법!2026.07.31 ~ 2026.08.,https://www.skylife.co.kr/event/school.do,https://www.skylife.co.kr/_next/image?url=https%3A%2F%2Fhomeapp.skylife.co.kr%2Fweb%2Flive%2Fpromotion%2F202603%2F483b00e8c82843f4ba765d7ef9cc39aace6ba33154dc5c6546473c44348d7ccb_8.jpg&w=828&q=75,요금제
2026-08-28 02:38:04,스카이라이프,5G도 가성비 요금제로 즐겨요!2026.07.31 ~ 2026.08.,https://www.skylife.co.kr/event/5g.do,https://www.skylife.co.kr/_next/image?url=https%3A%2F%2Fhomeapp.skylife.co.kr%2Fweb%2Flive%2Fpromotion%2F202608%2F92c8b94b3fca60310fa10c21e627995657274ce1b6ced7c2f42478de58f052f6_8.jpg&w=828&q=75,요금제
2026-08-28 02:38:04,스카이라이프,알뜰폰 최초! 유튜브 프리미엄 부가서비스 제공2026.07.31 ~ 2026.08.,https://www.skylife.co.kr/event/ytpm.do,https://www.skylife.co.kr/_next/image?url=https%3A%2F%2Fhomeapp.skylife.co.kr%2Fweb%2Flive%2Fpromotion%2F202603%2Ff22cb122bf044b453b97d510a095424c088f0a87910487b2c6a8d500b4acd13e_8.jpg&w=828&q=75,기타
2026-08-28 02:38:04,스카이라이프,"월 15,000원 디지털매거진 모아진 구독 무료!2026.07.31 ~ 2026.08.",https://www.skylife.co.kr/event/moazine,https://www.skylife.co.kr/_next/image?url=https%3A%2F%2Fhomeapp.skylife.co.kr%2Fweb%2Flive%2Fpromotion%2F202603%2Fbf056a11d9c3a7040a7b3ee22702f2de1064663cc8371485bf81ac155301a0fa_3.jpg&w=828&q=75,기타
2026-08-28 02:38:04,스카이라이프,SkyLife 모바일 친구추천! 누구나결합하면 모두 매월 최대 20GB!2026.07.31 ~ 2026.08.,https://www.skylife.co.kr/event/data.do,https://www.skylife.co.kr/_next/image?url=https%3A%2F%2Fhomeapp.skylife.co.kr%2Fweb%2Flive%2Fpromotion%2F202606%2Fa5cc42da462fcf76f0a24f67c28a0e56a61650ac104a7f39ea9267de3a482c51_1.jpg&w=828&q=75,친구추천
2026-08-28 02:38:04,스카이라이프,평생 이 가격! 더 슬림해진 초저가 요금제2026.07.31 ~ 2026.08.,https://www.skylife.co.kr/event/slim2.do,https://www.skylife.co.kr/_next/image?url=https%3A%2F%2Fhomeapp.skylife.co.kr%2Fweb%2Flive%2Fpromotion%2F202603%2F23489e92aabaa88c350c3255f5e031ea30f8b5b34b021c4361d8581d459d5766_1.jpg&w=828&q=75,요금제
2026-08-28 02:38:04,스카이라이프,인터넷 + IPTV에 알뜰폰도 결합! 통신비 반값 할인2026.07.31 ~ 2026.08.,https://www.skylife.co.kr/event/family.do,https://www.skylife.co.kr/_next/image?url=https%3A%2F%2Fhomeapp.skylife.co.kr%2Fweb%2Flive%2Fpromotion%2F202603%2Fa484b5747069c62017ca014331f753e79f15fcdb91ef57cfb5f090f157d4ae5d.jpg&w=828&q=75,기타
2026-08-28 02:38:04,스카이라이프,누구나 쉽게하는 5분 셀프개통2026.05.31 ~ 2026.12.,https://www.skylife.co.kr/event/self5m.do,https://www.skylife.co.kr/_next/image?url=https%3A%2F%2Fhomeapp.skylife.co.kr%2Fweb%2Flive%2Fpromotion%2F202602%2F58323c66100d119a70bc716cd9b8ccb279a6f84a98173368a39fa27ef64448c9.jpg&w=828&q=75,가입혜택
2026-08-28 02:38:04,스카이라이프,스카이라이프 로밍 요금제로 데이터 걱정없이 자유로운 여행하세요!2026.02.28 ~ 2026.12.,https://www.skylife.co.kr/event/roaming.do,https://www.skylife.co.kr/_next/image?url=https%3A%2F%2Fhomeapp.skylife.co.kr%2Fweb%2Flive%2Fpromotion%2F202602%2F1e44a41961c3d7affa9f037e83ea30e2df6511971411bf0cc4f79b53ff6cd5a3.jpg&w=828&q=75,요금제
2026-08-28 02:38:04,스카이라이프,스카이라이프 모바일 바로 해결 상담 마스터2026.02.28 ~ 2026.12.,https://www.skylife.co.kr/event/mobile_cs.do,https://www.skylife.co.kr/_next/image?url=https%3A%2F%2Fhomeapp.skylife.co.kr%2Fweb%2Flive%2Fpromotion%2F202602%2Fe33147c5bb6c1aad37c61af37a3d6e0d9a6123039c37851e2f97c88207d03c20.webp&w=828&q=75,기타
2026-08-28 02:38:04,스카이라이프,"국제 전화도 알뜰하게, SkyLife모바일 001 국제 전화 부가서비스 출시2026.02.28 ~ 2026.12.",https://www.skylife.co.kr/event/001.do,https://www.skylife.co.kr/_next/image?url=https%3A%2F%2Fhomeapp.skylife.co.kr%2Fweb%2Flive%2Fpromotion%2F202602%2Ff347abd751d88748b5005517da0cbaffe75e8e2a93ff5ce9b907b150afe4d571.webp&w=828&q=75,기타
2026-08-28 02:38:04,헬로모바일,"인터넷 모바일 결합할인 혜택
종료",https://direct.lghellovision.net/event/viewEventDetailGuest.do?idxOfEvent=5551&page=1&pgNum=0501&pgNum=0501&utm_campaign=Floating_Banner&utm_medium=TargetCusomters_Floating&utm_source=TPSHiddenBanner&utm_term=Mobile_hiddenpage_PC,https://directcdn.lghellovision.net/web/images/global/percent_icon.png,기타
2026-08-28 02:38:04,헬로모바일,"[알뜰폰, 알뜰요금제] 8월 57만원 혜택으로 10개월간 체감가 0원!
진행중",https://direct.lghellovision.net/event/viewEventDetail.do?idxOfEvent=586,https://directcdn.lghellovision.net/upload/atcfile/board/20260803092139791.png,요금제
2026-08-28 02:38:04,헬로모바일,"갤럭시Z폴드8/Z플립8, 통신3사보다 월 37,000원 저렴! 24만원 혜택까지
진행중",https://direct.lghellovision.net/event/viewEventDetail.do?idxOfEvent=8571,https://directcdn.lghellovision.net/upload/atcfile/board/20260811094735791.png,기타
2026-08-28 02:38:04,헬로모바일,"[제휴요금제]교보문고 sam으로 매월 샘나는 독서 혜택 1만원!
진행중",https://direct.lghellovision.net/event/viewEventDetail.do?idxOfEvent=8515,https://directcdn.lghellovision.net/upload/atcfile/board/2026080311100271.png,요금제
2026-08-28 02:38:04,헬로모바일,"[Z폴드8 출시일 기념] 갤럭시 전격 할인! 110만원 할인받고 월 요금 할인까지!
진행중",https://direct.lghellovision.net/event/viewEventDetail.do?idxOfEvent=8512,https://directcdn.lghellovision.net/upload/atcfile/board/20260731182414171.png,기타
2026-08-28 02:38:04,헬로모바일,"갤럭시S26 시리즈 특가기기값+통신비 다 합쳐도 6만원대!
진행중",https://direct.lghellovision.net/event/viewEventDetail.do?idxOfEvent=7632,https://directcdn.lghellovision.net/upload/atcfile/board/20260703104238851.png,기타
2026-08-28 02:38:04,헬로모바일,"[알뜰폰]두두둥장! 매월 1.5만원 Npay 받는 요금제!총 36만원 받아가세요!
진행중",https://direct.lghellovision.net/event/viewEventDetail.do?idxOfEvent=8012,https://directcdn.lghellovision.net/upload/atcfile/board/20260703092121251.png,요금제
2026-08-28 02:38:04,헬로모바일,"[공짜폰]여름맞이 폰값 증발! 기기값 0원에 네이버페이 최대 36만원까지!
진행중",https://direct.lghellovision.net/event/viewEventDetail.do?idxOfEvent=7091,https://directcdn.lghellovision.net/upload/atcfile/board/2026070309105151.png,기타
2026-08-28 02:38:04,헬로모바일,"[8월 프로모션, 기간한정] 프로모션 코드 입력만 해도 누구나 15만원 증정!
진행중",https://direct.lghellovision.net/event/viewEventDetail.do?idxOfEvent=7711,https://directcdn.lghellovision.net/upload/atcfile/board/20260813084510891.png,기타
2026-08-28 02:38:04,헬로모바일,"[알뜰폰요금제] 현대홈쇼핑x헬로모바일 요금제 출시! 매월 2만원 쇼핑지원금 드려요!
진행중",https://direct.lghellovision.net/event/viewEventDetail.do?idxOfEvent=8231,https://directcdn.lghellovision.net/upload/atcfile/board/20260612165623211.png,요금제
2026-08-28 02:38:04,헬로모바일,"창고 대방출! 지원금 파격 인상! 미개봉 새폰 Z플립4 199,000원 특가
진행중",https://direct.lghellovision.net/event/viewEventDetail.do?idxOfEvent=7851,https://directcdn.lghellovision.net/upload/atcfile/board/20260414084405451.png,기타
2026-08-28 02:38:04,헬로모바일,"[알뜰폰] 5G 요금제 요즘 대세인거 아시죠? 빠른만큼 혜택도 빠르게 받아가세요!
진행중",https://direct.lghellovision.net/event/viewEventDetail.do?idxOfEvent=2193,https://directcdn.lghellovision.net/upload/atcfile/board/20260813103544941.png,요금제
2026-08-28 02:38:04,SK 7세븐모바일,갤럭시 Z8 출시 기념 최대 23만원 혜택 증정!,https://www.sk7mobile.com/bnef/event/eventIngView.do?cntId=cdcb5dfd05765256e3eb970fa9ae8b95,https://www.sk7mobile.com/telink/upload/event/1004141/2608211048364216630.jpg,기타
2026-08-28 02:38:04,SK 7세븐모바일,(가입 전 확인 필수) 8월 혜택 모음 최대 23만원 증정!,https://www.sk7mobile.com/bnef/event/eventIngView.do?cntId=45a44b7fe87c60dc0dbbe82efb13e63b,https://www.sk7mobile.com/telink/upload/event/1002279/2608211059213937238.png,가입혜택
2026-08-28 02:38:04,SK 7세븐모바일,(1년 체감가 0원) 요금도 데이터도 걱정없는 무제한 요금제,https://www.sk7mobile.com/bnef/event/eventIngView.do?cntId=6539d79bd5e3e5467a272e01d5183143,https://www.sk7mobile.com/telink/upload/event/1003492/2608211156518244425.png,요금제
2026-08-28 02:38:04,SK 7세븐모바일,데이터와 N페이가 쏟아지는 데이터 무제한 요금제,https://www.sk7mobile.com/bnef/event/eventIngView.do?cntId=b43b68ea363ee2132e6d00402b481c48,https://www.sk7mobile.com/telink/upload/event/1003609/2608211147140786443.png,요금제
2026-08-28 02:38:04,SK 7세븐모바일,더 저렴하게 더 빠르게! 5G 무제한 요금제,https://www.sk7mobile.com/bnef/event/eventIngView.do?cntId=f3a26d507e944caa5d8d21e3a8da3cbf,https://www.sk7mobile.com/telink/upload/event/1003831/2608211154493038222.png,요금제
2026-08-28 02:38:04,SK 7세븐모바일,8월 한정 혜택 증가! 음성2천분/안심/5G 데일리 요금제,https://www.sk7mobile.com/bnef/event/eventIngView.do?cntId=187ab63f1cde7d34166f8ae0c02138b5,https://www.sk7mobile.com/telink/upload/event/1003550/2608211153228009142.png,요금제
2026-08-28 02:38:04,SK 7세븐모바일,유심 무료 프로모션 참여하고 지금 바로 개통하세요,https://www.sk7mobile.com/bnef/event/eventIngView.do?cntId=e0e499cc8b86355378cba3d9f2b2ddf5,https://www.sk7mobile.com/telink/upload/event/1003823/2608211141450124722.png,가입혜택
2026-08-28 02:38:04,SK 7세븐모바일,eSIM 무료로 다운로드 받고 기다림없이 개통하자!,https://www.sk7mobile.com/bnef/event/eventIngView.do?cntId=181f7f1b71f7d88a2a811e5ab7ff85c9,https://www.sk7mobile.com/telink/upload/event/1003822/2608211054353315028.png,가입혜택
2026-08-28 02:38:04,SK 7세븐모바일,인터넷 가입/결합하고 최대 118만원 혜택 받자!,https://www.sk7mobile.com/bnef/event/eventIngView.do?cntId=812d8b69c912225cffa1f66242cf8921,https://www.sk7mobile.com/telink/upload/event/1002729/2608211106003959983.png,가입혜택
2026-08-28 02:38:04,SK 7세븐모바일,오늘 바로 개통하는 가장 저렴한 방법 간편유심 프로모션,https://www.sk7mobile.com/bnef/event/eventIngView.do?cntId=91e4ae4d9146335d06b1c326d511b9a7,https://www.sk7mobile.com/telink/upload/event/1004041/2608101413206053551.png,가입혜택
2026-08-28 02:38:04,SK 7세븐모바일,"월 1만원대면 충분! 15GB 요금제 12,900원부터",https://www.sk7mobile.com/bnef/event/eventIngView.do?cntId=9132af107c90a1f31d9bcf3986eb1887,https://www.sk7mobile.com/telink/upload/event/1002740/2608101556041768186.png,요금제
2026-08-28 02:38:04,SK 7세븐모바일,카카오톡 플러스친구 추가하고 최대혜택 가장 빨리 받아보자,https://www.sk7mobile.com/bnef/event/eventIngView.do?cntId=59c9f4f994ef72ccf758f2c1b8634cf2,https://www.sk7mobile.com/telink/upload/event/1004037/2606101239037710040.png,친구추천
2026-08-28 02:38:04,SK 7세븐모바일,후기 작성하고 최대 Npay 5만원 선물 받자!,https://www.sk7mobile.com/bnef/event/eventIngView.do?cntId=b0a5ffa8438f0fa0506a9994350063db,https://www.sk7mobile.com/telink/upload/event/1000151/2607301349136410660.png,리뷰이벤트
2026-08-28 02:38:04,SK 7세븐모바일,GS25 App으로 무료 개통하고 최대 혜택까지 받으세요,https://www.sk7mobile.com/bnef/event/eventIngView.do?cntId=0b36fa35c4e2d08126b2ae8b2249c7f1,https://www.sk7mobile.com/telink/upload/event/1003564/2608211329423367851.png,가입혜택
2026-08-28 02:38:04,SK 7세븐모바일,1년 간 체감가 0원으로 사용하는 우들 키즈워치폰,https://www.sk7mobile.com/bnef/event/eventIngView.do?cntId=97339a20495196763de2bfa0fe4066af,https://www.sk7mobile.com/telink/upload/event/1003505/2608211115122737872.png,기타
2026-08-28 02:38:04,SK 7세븐모바일,[최대 23만원 혜택] 매월 NPay 적립하는 10% 포인트 요금제,https://npay.sk7mobile.com/main.do,https://www.sk7mobile.com/telink/upload/event/1001496/2608201416117140625.png,요금제
2026-08-28 02:38:04,SK 7세븐모바일,새 폰부터 중고폰까지 0원폰이 한가득,https://www.sk7mobile.com/bnef/event/eventIngView.do?cntId=3f48c6e50b701ab0ea7b953bf210e030,https://www.sk7mobile.com/telink/upload/event/1001086/2606291718308582689.png,기타
2026-08-28 02:38:04,SK 7세븐모바일,해외에서도 데이터 걱정 없이! 30일 로밍 요금제 출시,https://www.sk7mobile.com/bnef/event/eventIngView.do?cntId=c78475f59f3a54731002777df4b844a7,https://www.sk7mobile.com/telink/upload/event/1003549/2606291727111127766.png,요금제
2026-08-28 02:38:04,SK 7세븐모바일,[최대 23만원 혜택] 안심 케어 서비스로 걱정없는 폰케어팩 요금제,https://www.sk7mobile.com/bnef/event/eventIngView.do?cntId=efd6a777ba2cbf33705fd1213b6e825c,https://www.sk7mobile.com/telink/upload/event/1003485/2608201417392474966.png,요금제
2026-08-28 02:38:04,SK 7세븐모바일,1분 간편 신청하면 무료 데이터 20GB,https://www.sk7mobile.com/bnef/event/eventIngView.do?cntId=363f5bad099e70738652ad97a2ba9302,https://www.sk7mobile.com/telink/upload/event/1002524/2606291711528284311.png,요금제
2026-08-28 02:38:04,SK 7세븐모바일,[최대 23만원 혜택] 번개포인트 받고 현금처럼 사용하자!,https://www.sk7mobile.com/bnef/event/eventIngView.do?cntId=1cb708c65e82ff7cc2e544c6aa33ef30,https://www.sk7mobile.com/telink/upload/event/1000787/2608201417138515694.png,기타
2026-08-28 02:38:04,SK 7세븐모바일,집 앞에서 유심 구매하고 최대 혜택받자! 편의점/제휴처 유심,https://www.sk7mobile.com/bnef/event/eventIngView.do?cntId=001012fb780a258336607b7751ef04dc,https://www.sk7mobile.com/telink/upload/event/1001192/2608211306464193660.png,가입혜택
2026-08-28 02:38:04,SK 7세븐모바일,[최대 23만원 혜택] 매월 영화관람권 받는 롯데시네마 요금제,https://www.sk7mobile.com/bnef/event/eventIngView.do?cntId=3cd529f1f7291aa968b97631c7d8fe52,https://www.sk7mobile.com/telink/upload/event/1002839/2608201416336939980.png,요금제
2026-08-28 02:38:04,SK 7세븐모바일,[최대 23만원 혜택] 중국과 한국을 연결하는 CMLink 요금제,https://www.sk7mobile.com/bnef/event/eventIngView.do?cntId=418424b584452b471bfd6c835a70abae,https://www.sk7mobile.com/telink/upload/event/1002826/2608101405168635668.png,요금제
2026-08-28 02:38:04,SK 7세븐모바일,우리집으로 유심이 온다! SK세븐모바일 유심 배송 안내,https://www.sk7mobile.com/bnef/event/eventIngView.do?cntId=c7b48737f0b188987778bb555dfa5ca3,https://www.sk7mobile.com/telink/upload/event/1002562/2608211611040676074.png,가입혜택
2026-08-28 02:38:04,SK 7세븐모바일,[최대 23만원 혜택] 무제한으로 음악 듣는 FLO 요금제,https://www.sk7mobile.com/bnef/event/eventIngView.do?cntId=d7b5d1770bab211ef30d73974df3a9b4,https://www.sk7mobile.com/telink/upload/event/1000994/2608201416537611970.png,요금제
